state,selected_strata,optimized_los,objective
US,Summer,3.2281547475231145,27912361
US,Fall,3.308221161183411,40358800
US,Winter,3.8417566217624293,80464269
US,Spring,5.688250818734518,19079078
